Workbook

Sheet Test Case 8
A1: Module Name: | B1: Login page (Form Authentication)
A2: Test Case ID: | B2: TC008
A3: Tester Name: | B3: VIDHI PATEL
A4: Test Case Description: | B4: To validate the user login and logout workflows on the existing website https://the-internet.herokuapp.com/login (login page) using TestLink for test case management and Bugzilla for defect tracking.
A5: Prerequisites: | B5: 1. Stable internet connection 2. Google Chrome browser 3. Valid URL of the login page 4. Test user credentials (tomsmith / SuperSecretPassword!)
A6: Environment Information: | B6: OS: Windows System: Laptop(ASUS) Browser: Google Chrome Webpage: https://the-internet.herokuapp.com/login
A10: Scenario ID | B10: Scenario | C10: Test Steps | D10: Test Input | E10: Expected Results | F10: Actual Results | G10: Status | H10: Comments
A11: 1 | B11: login with valid credentials | C11: 1. Enter valid username : tomsmith 2. Enter valid password : SuperSecretPassword! 3. Click on Login | D11: Valid Username, Valid Password | E11: Redirected to Secure Area page. Message: You logged into a secure area! | F11: Redirected to Secure Area page. Message: You logged into a secure area! | G11: Pass | H11: Done
A12: 2 | B12: login with invalid username | C12: 1. Enter invalid username : vidhi patel 2. Enter valid password : SuperSecretPassword! 3. Click on Login | D12: Invalid Username, Valid Password | E12: Should show error: Your username is invalid! | F12: Error displayed: Your username is invalid! | G12: Pass | H12: Done
A13: 3 | B13: login with invalid password | C13: 1. Enter valid username : tomsmith 2. Enter invalid password : Godisgreat 3. Click on Login | D13: Valid Username, Invalid Password | E13: Should show error: Your password is invalid! | F13: Error displayed: Your password is invalid! | G13: Pass | H13: Done
A14: 4 | B14: login with invalid username and invalid password | C14: 1. Enter invalid username : vidhi patel 2. Enter invalid password : Godisgreat 3. Click on Login | D14: Invalid Username, Invalid Password | E14: Should show error: Your username is invalid! | F14: Error displayed: Your username is invalid! | G14: Pass | H14: Done
A15: 5 | B15: login with empty username | C15: 1. Leave blank at username : - 2. Enter valid password : SuperSecretPassword! 3. Click on Login | D15: Blank Username, Valid Password | E15: Should show field specific error: Username is required | F15: Generic error displayed: Your username is invalid! | G15: Fail | H15: Defect BUG-001 reported in Bugzilla
A16: 6 | B16: login with empty password | C16: 1. Enter valid username : tomsmith 2. Leave blank at password : - 3. Click on Login | D16: Valid Username, Blank Password | E16: Should show field specific error: Password is required | F16: Generic error displayed: Your password is invalid! | G16: Fail | H16: Defect BUG-002 reported in Bugzilla
A17: 7 | B17: login with empty username and empty password | C17: 1. Leave blank at username : - 2. Leave blank at password : - 3. Click on Login | D17: Blank Username, Blank Password | E17: Should show error that username and password are required | F17: Generic error displayed: Your username is invalid! | G17: Fail | H17: Same root cause as BUG-001
A18: 8 | B18: logout after successful login | C18: 1. Login with tomsmith / SuperSecretPassword! 2. Click on Logout button on Secure Area page | D18: Valid session | E18: Redirected to Login page. Message: You logged out of the secure area! | F18: Redirected to Login page. Message: You logged out of the secure area! | G18: Pass | H18: Done
A19: 9 | B19: access secure page without login | C19: 1. Open a new browser tab 2. Directly open https://the-internet.herokuapp.com/secure without logging in | D19: No login session | E19: Redirected to Login page with error message : You must login to view the secure area! | F19: Redirected to Login page with error message: You must login to view the secure area! | G19: Pass | H19: Done

Sheet Test Summary Report
A1: Test Summary Report - Login Module (the-internet.herokuapp.com)
A3: Metric | B3: Value
A4: Project Name | B4: Website Login Testing (Form Authentication)
A5: Application Tested | B5: https://the-internet.herokuapp.com/login
A6: Module Name | B6: Login Module
A7: Test Management Tool | B7: TestLink (Test Plan: Login Module Testing, Suite: Authentication Testing)
A8: Defect Tracking Tool | B8: Bugzilla
A9: Total Test Cases Designed | B9: =COUNTA('Test Case 8'!B11:B19) -> 9
A10: Total Test Cases Executed | B10: =COUNTA('Test Case 8'!G11:G19) -> 9
A11: Total Passed Test Cases | B11: =COUNTIF('Test Case 8'!G11:G19,"Pass") -> 6
A12: Total Failed Test Cases | B12: =COUNTIF('Test Case 8'!G11:G19,"Fail") -> 3
A13: Total Blocked Test Cases | B13: 0
A14: Total Not Executed Test Cases | B14: =B9-B10 -> 0
A15: Pass Percentage (%) | B15: =IF(B9=0,0,B11/B9) -> 0.66666667
A16: Fail Percentage (%) | B16: =IF(B9=0,0,B12/B9) -> 0.33333333
A17: Overall Test Status | B17: =IF(B12=0,"Pass","Fail") -> Fail
A18: Tester Name | B18: VIDHI PATEL
A19: Execution Date | B19: 28/10/2026

Sheet Test Execution Report
A1: Test Execution Report - Login Module
A3: Test Case ID | B3: Module Name | C3: Test Scenario | D3: Expected Result | E3: Actual Result | F3: Status | G3: Remarks
A4: TC001 | B4: Login | C4: ='Test Case 8'!B11 -> login with valid credentials | D4: ='Test Case 8'!E11 -> Redirected to Secure Area page. Message: You logged into a secure area! | E4: ='Test Case 8'!F11 -> Redirected to Secure Area page. Message: You logged into a secure area! | F4: ='Test Case 8'!G11 -> Pass | G4: Done
A5: TC002 | B5: Login | C5: ='Test Case 8'!B12 -> login with invalid username | D5: ='Test Case 8'!E12 -> Should show error: Your username is invalid! | E5: ='Test Case 8'!F12 -> Error displayed: Your username is invalid! | F5: ='Test Case 8'!G12 -> Pass | G5: Done
A6: TC003 | B6: Login | C6: ='Test Case 8'!B13 -> login with invalid password | D6: ='Test Case 8'!E13 -> Should show error: Your password is invalid! | E6: ='Test Case 8'!F13 -> Error displayed: Your password is invalid! | F6: ='Test Case 8'!G13 -> Pass | G6: Done
A7: TC004 | B7: Login | C7: ='Test Case 8'!B14 -> login with invalid username and invalid password | D7: ='Test Case 8'!E14 -> Should show error: Your username is invalid! | E7: ='Test Case 8'!F14 -> Error displayed: Your username is invalid! | F7: ='Test Case 8'!G14 -> Pass | G7: Done
A8: TC005 | B8: Login | C8: ='Test Case 8'!B15 -> login with empty username | D8: ='Test Case 8'!E15 -> Should show field specific error: Username is required | E8: ='Test Case 8'!F15 -> Generic error displayed: Your username is invalid! | F8: ='Test Case 8'!G15 -> Fail | G8: Defect BUG-001 reported in Bugzilla
A9: TC006 | B9: Login | C9: ='Test Case 8'!B16 -> login with empty password | D9: ='Test Case 8'!E16 -> Should show field specific error: Password is required | E9: ='Test Case 8'!F16 -> Generic error displayed: Your password is invalid! | F9: ='Test Case 8'!G16 -> Fail | G9: Defect BUG-002 reported in Bugzilla
A10: TC007 | B10: Login | C10: ='Test Case 8'!B17 -> login with empty username and empty password | D10: ='Test Case 8'!E17 -> Should show error that username and password are required | E10: ='Test Case 8'!F17 -> Generic error displayed: Your username is invalid! | F10: ='Test Case 8'!G17 -> Fail | G10: Same root cause as BUG-001
A11: TC008 | B11: Login | C11: ='Test Case 8'!B18 -> logout after successful login | D11: ='Test Case 8'!E18 -> Redirected to Login page. Message: You logged out of the secure area! | E11: ='Test Case 8'!F18 -> Redirected to Login page. Message: You logged out of the secure area! | F11: ='Test Case 8'!G18 -> Pass | G11: Done
A12: TC009 | B12: Login | C12: ='Test Case 8'!B19 -> access secure page without login | D12: ='Test Case 8'!E19 -> Redirected to Login page with error message : You must login to view the secure area! | E12: ='Test Case 8'!F19 -> Redirected to Login page with error message: You must login to view the secure area! | F12: ='Test Case 8'!G19 -> Pass | G12: Done

Sheet Bug Report (Bugzilla)
A1: Bug Report - Bugzilla
A3: Bug ID | B3: Product | C3: Component | D3: Version | E3: Severity | F3: Priority | G3: Summary | H3: Steps to Reproduce | I3: Expected Result | J3: Actual Result | K3: Related Test Cases | L3: Status | M3: Assigned To
A4: BUG-001 | B4: Login Module (Website Login) | C4: Login Page | D4: 1.0 | E4: Minor | F4: P3 | G4: Blank username gives generic message "Your username is invalid!" instead of "Username is required" | H4: 1. Open /login 2. Leave Username blank, enter valid password 3. Click Login | I4: Message: Username is required | J4: Message: Your username is invalid! | K4: TC005, TC007 | L4: New | M4: Developer
A5: BUG-002 | B5: Login Module (Website Login) | C5: Login Page | D5: 1.0 | E5: Minor | F5: P3 | G5: Blank password gives generic message "Your password is invalid!" instead of "Password is required" | H5: 1. Open /login 2. Enter valid username, leave Password blank 3. Click Login | I5: Message: Password is required | J5: Message: Your password is invalid! | K5: TC006 | L5: New | M5: Developer
A7: Note: bug status follows the Bugzilla life cycle (New > Assigned > Resolved > Verified > Closed). Both bugs are New because the tested website is a third-party practice site that cannot be fixed by the tester.
